1000 16,É Brasileiro?,É solteiro?,Ganha a vida com música?,Jogador de LoL?,É loiro?,É alto?,É famoso?,Já apareceu na TV?,É mulher?,Existe na vida real?,É youtuber?,É ator?,Está vivo?,Adulto?,Mora nos USA?,Politico?
Zelda Vega,1,1,1,1,1,1,1,1,1,1,1,1,1,1,0,0
Aidan Parks,1,1,1,1,1,1,1,1,1,1,1,1,1,1,1,1
Ainsley Olsen,0,0,0,0,1,0,0,1,0,0,1,1,1,1,1,1
Skyler Zavala,1,0,1,1,1,1,0,1,0,0,1,0,1,1,1,1
Liv Wilkerson,1,0,1,0,1,0,1,0,0,0,0,0,0,0,1,0
Carmelo Prince,0,0,0,0,1,0,1,0,1,1,1,1,1,0,0,1
Greta Park,0,1,0,1,1,1,1,0,0,1,1,1,1,1,0,0
Daxton Cherry,0,1,1,0,1,1,1,1,1,1,0,1,1,0,1,0
Nyomi Ward,0,1,1,0,0,1,1,0,1,1,0,0,0,0,0,0
Jameson Noble,1,1,1,0,0,0,1,1,1,1,1,1,1,0,1,1
Hunter Baker,1,0,0,1,1,1,0,0,1,1,1,1,0,1,0,1
Ezra Lozano,1,0,1,0,1,1,0,0,0,1,0,1,0,0,1,0
Cecelia Brown,0,0,1,1,1,1,0,1,0,0,1,1,1,1,0,1
Elijah Barry,1,0,0,1,1,0,1,0,0,0,1,0,1,0,1,1
Waverly Santana,0,0,0,0,1,0,0,0,0,0,1,1,0,1,1,1
Mohamed Garner,1,1,1,1,1,0,0,0,0,0,0,1,1,0,1,0
Jacqueline Potter,1,1,1,0,1,1,0,1,0,1,0,1,1,0,1,1
Lucca Petersen,1,1,0,1,0,0,0,0,0,0,1,1,0,1,1,0
Fernanda Harris,0,1,1,0,0,0,1,0,1,0,0,1,0,1,0,0
Samuel Enriquez,1,1,1,0,1,0,0,0,1,1,0,0,0,1,0,0
Nellie Herman,0,0,1,1,1,0,1,1,1,0,0,0,1,1,0,0
Juelz Carrillo,1,0,1,0,1,0,1,0,1,0,1,1,0,1,1,1
Kaylani Rodgers,0,1,1,0,1,0,0,0,1,0,0,0,0,1,0,0
Mathias Hendrix,0,0,0,1,0,1,1,0,0,0,1,0,0,0,0,1
Zhuri Benitez,1,1,1,1,0,1,1,1,0,1,1,1,1,0,1,0
Justice Watkins,0,1,1,1,0,0,1,1,0,0,1,1,0,0,1,0
Lola Chan,1,0,1,0,1,1,1,1,0,1,1,1,0,0,1,1
Frank Bryan,1,1,0,0,0,0,0,0,0,1,1,1,0,0,1,1
Meredith Gregory,1,0,1,0,1,0,1,0,0,0,0,1,0,1,1,0
Travis Daniel,1,0,1,1,1,1,1,1,1,0,1,1,0,1,1,0
Joy Horn,0,0,1,1,1,1,0,1,1,1,1,1,1,0,0,0
Wilson Mendez,1,1,1,0,0,1,1,1,1,1,0,1,1,1,0,0
Londyn Juarez,1,0,0,1,0,1,0,0,0,0,1,0,1,0,1,0
Joaquin Payne,0,0,0,0,0,0,0,0,0,0,1,0,0,1,1,1
London Clarke,0,0,1,1,0,1,0,1,1,1,0,1,0,1,1,1
Stetson Estrada,1,0,1,0,1,0,1,0,0,1,0,0,1,1,0,1
Sawyer Simon,0,0,1,0,1,1,0,1,1,1,1,1,0,1,1,1
Zayne Neal,1,1,0,1,1,0,1,0,1,1,1,1,1,1,0,1
Talia Gould,0,1,0,0,0,0,0,0,1,1,1,0,0,1,0,0
Blaine O’Donnell,0,1,0,0,1,0,0,1,1,0,0,0,1,1,0,1
Bellamy Potter,1,1,0,1,1,0,0,1,1,1,0,0,0,1,0,1
Lucca Hartman,1,1,0,0,0,0,0,0,0,1,1,0,1,1,0,1
Kennedi Esquivel,0,1,1,0,0,0,0,1,1,0,1,0,1,1,0,0
Bridger Russo,0,0,0,1,0,1,0,1,0,0,1,0,0,0,1,1
Tinsley Wall,1,1,1,0,0,1,1,0,0,1,1,0,0,0,0,0
Issac Santos,1,0,1,0,1,1,0,0,0,1,1,0,1,1,1,0
Alana Valencia,1,0,0,1,1,0,1,0,0,0,1,0,1,0,0,1
Dax Collier,0,0,1,1,0,1,0,1,0,1,0,0,0,0,1,0
Ivory Rosales,0,0,1,0,0,0,1,1,1,0,0,1,1,0,1,0
Wilder Palmer,1,0,0,0,1,1,0,1,0,1,0,0,1,0,1,1
Juniper Strickland,1,1,1,0,1,1,1,0,1,0,0,0,0,0,1,1
Keegan Hoffman,1,0,1,0,0,1,0,1,0,0,1,1,0,1,1,0
Aspen Acevedo,0,1,1,1,1,1,0,0,0,0,0,1,1,1,0,1
Dakari Carr,0,1,1,0,1,1,0,0,1,0,1,0,1,0,1,1
Rowan Landry,1,0,0,1,0,0,0,0,1,1,1,1,0,0,0,1
Jaxx Douglas,1,0,1,0,0,1,1,1,0,0,1,1,1,1,0,1
Aniyah Ortega,1,1,0,0,1,0,0,1,1,1,1,0,1,0,1,1
Kobe Robinson,1,1,0,1,0,1,1,1,1,1,1,1,0,0,1,1
Nora Becker,1,0,1,0,1,1,1,1,1,1,0,1,1,0,1,1
Lawson Marin,1,1,0,1,1,1,1,0,1,0,0,1,0,0,1,1
Celia Wolfe,0,1,0,0,1,0,0,0,1,0,0,0,1,1,1,0
Donovan Shaffer,0,0,0,1,1,1,0,0,1,1,1,0,1,1,0,1
Alanna Franklin,1,0,1,0,1,0,1,0,1,1,0,1,1,0,0,0
Simon Walton,0,1,0,1,0,0,1,1,1,1,1,1,1,1,0,0
Scarlet Martinez,0,1,0,1,0,1,1,1,1,1,0,0,0,0,1,0
Alexander Jaramillo,1,1,0,1,1,1,0,0,0,1,0,1,1,0,0,1
Guadalupe Lucas,0,1,0,1,0,0,1,0,0,1,1,1,0,1,1,0
Chance Nelson,1,0,0,0,1,1,0,1,1,0,1,1,0,1,0,1
Everly York,1,0,0,0,1,1,0,0,0,1,1,1,0,0,0,1
Leandro Humphrey,0,1,1,0,1,0,0,1,1,0,0,1,0,1,0,0
Journi Cruz,1,0,0,1,1,1,1,0,1,1,1,1,1,1,0,0
Ryan Evans,0,1,1,0,1,1,1,0,1,0,1,0,0,0,0,0
Eliana Huffman,0,1,1,1,1,1,0,1,1,1,0,1,0,1,1,1
Chris Magana,1,1,0,1,0,1,1,1,0,0,1,0,0,1,1,0
Amaris Nolan,0,1,0,1,0,0,1,0,0,0,0,1,1,1,0,0
Maximo Yoder,0,0,1,1,1,0,0,1,1,0,1,0,0,0,0,0
Emerie Dunlap,0,1,0,0,1,0,1,1,1,0,0,0,0,0,0,0
Aries Stephens,0,1,0,0,0,1,0,1,0,0,1,1,0,1,1,0
Millie Powers,1,1,1,1,0,1,0,0,1,0,1,0,1,0,1,1
Sean Dennis,1,1,0,0,1,1,0,0,1,1,1,1,0,0,0,0
Maisie Watkins,1,0,0,1,1,1,1,1,1,1,0,1,0,0,0,1
Nash Sosa,0,1,1,1,0,1,0,1,0,1,1,1,0,1,1,1
Cassandra Waters,1,1,0,1,1,1,0,0,0,0,1,0,1,1,1,1
Maximilian Morrison,1,0,0,1,0,1,0,0,1,1,0,1,0,0,0,1
Rebecca Rhodes,1,1,0,1,0,1,0,0,1,1,0,1,1,1,0,1
Titus Best,0,0,1,1,0,0,0,0,0,0,1,0,1,0,1,1
Lexie Harper,0,1,1,0,1,0,1,0,1,1,0,1,1,0,0,1
Hayes Baker,0,0,1,0,1,0,1,1,0,1,0,0,0,0,0,0
Isla Marsh,0,0,1,0,0,0,0,1,0,1,0,0,1,1,1,0
Bo Farmer,1,1,1,1,0,0,1,1,1,0,1,0,1,0,1,1
Madelynn Melton,1,1,0,0,0,1,1,1,0,0,0,1,1,1,0,1
Lennon Booker,0,0,0,1,0,0,0,0,0,0,0,1,0,0,1,1
Nataly Dickson,1,0,1,0,0,0,0,1,1,0,0,1,1,1,1,1
Maxton Glover,0,0,0,1,1,0,1,0,1,1,0,1,1,1,1,0
Alessia Taylor,0,0,0,0,1,0,0,1,0,0,1,1,1,1,1,0
Jackson Thompson,1,1,1,0,1,1,0,1,0,1,1,0,0,1,1,1
Madison Evans,0,1,1,1,1,1,0,0,0,1,0,0,1,1,1,0
Elias Golden,0,0,0,1,0,0,1,1,0,1,0,1,0,1,0,0
Giuliana Harmon,0,0,0,0,1,1,1,0,1,0,0,0,1,0,1,1
Roberto Reilly,0,1,1,1,1,1,1,1,1,0,0,0,1,0,1,1
Tori Pace,1,0,1,1,0,0,1,0,1,1,1,1,1,0,1,0
Dior McCormick,1,1,1,0,0,1,1,1,0,1,1,1,0,0,1,0
Macie Shaffer,0,0,1,1,0,0,1,1,0,0,0,0,0,1,1,1
Dexter Collins,1,0,1,1,0,1,1,1,0,1,1,1,1,1,1,0
Kinsley Brady,0,0,1,0,1,1,0,1,1,0,0,1,0,1,0,1
Reed Castro,1,0,1,1,1,0,0,0,0,1,1,1,1,1,0,0
Eloise Galindo,0,0,0,0,1,1,0,1,0,0,1,1,0,1,0,1
Salvatore Trujillo,0,1,0,1,1,0,1,0,1,0,1,0,1,0,1,1
Danielle Quintana,0,0,0,0,1,0,1,0,1,1,1,1,0,1,1,1
Kelvin Merritt,1,0,1,1,0,1,0,0,0,0,0,1,1,1,0,1
Kaisley Pollard,1,1,1,1,1,1,1,0,1,1,0,1,1,0,1,1
Jad Richardson,0,1,0,0,0,0,0,1,0,1,1,1,0,0,1,1
Allison Conway,0,1,1,0,0,0,1,1,1,0,1,0,1,1,0,1
Orlando Luna,1,0,0,1,0,1,0,0,0,1,1,0,1,0,1,1
Journey Meadows,1,0,0,0,0,1,1,0,1,1,0,0,0,0,0,0
Wayne Hale,0,0,0,1,1,1,0,0,1,0,0,1,1,1,0,0
Brinley Russo,0,1,0,1,1,1,0,1,0,0,0,1,1,0,1,0
Jamie Pham,1,1,0,1,1,0,1,0,0,0,1,1,1,0,0,0
Raelyn Shaffer,0,0,1,0,1,0,0,1,0,0,0,1,1,1,0,0
Dexter Rasmussen,1,1,0,0,1,0,0,0,0,0,0,0,1,1,1,0
Esperanza Bauer,0,0,0,1,0,0,0,1,1,0,1,0,0,1,0,1
Kieran Avila,0,1,0,0,0,1,1,1,0,0,1,0,0,0,1,0
Amiyah Beard,0,0,1,0,1,0,1,0,0,1,1,1,0,1,1,0
Nathanael Wise,1,0,0,1,1,1,0,1,0,0,1,1,0,1,0,0
Mira Phillips,1,0,1,1,0,0,0,1,0,1,0,0,0,0,0,1
Andrew Suarez,0,0,1,0,1,1,1,0,1,1,1,0,0,0,0,1
Jimena Schwartz,1,1,1,1,0,0,1,1,0,1,1,0,0,0,0,1
Edwin Mullins,1,1,1,0,0,0,1,0,0,1,0,1,0,0,0,0
Maliyah Benson,0,0,1,0,0,0,0,1,0,1,0,1,1,1,1,1
Desmond Estes,0,0,0,1,0,0,1,1,1,1,1,0,0,0,1,1
Brittany Norton,1,1,0,0,0,1,0,1,1,1,1,0,0,1,0,0
Callen Stanton,1,0,0,1,0,0,1,0,0,1,1,1,1,0,0,0
Jaycee Pearson,1,0,1,1,1,1,1,1,1,0,0,0,1,0,0,1
Gunner Garner,0,1,0,0,0,0,1,0,0,1,1,0,1,1,0,1
Jacqueline Weeks,1,0,0,1,0,1,0,1,0,0,0,0,0,1,0,0
Anders Reese,1,1,0,0,0,1,1,1,0,1,1,1,0,1,1,1
Rosemary Lester,1,0,0,1,0,0,0,0,1,1,1,0,0,0,1,1
Lee Dennis,1,1,1,1,1,0,1,0,0,0,1,1,0,0,1,0
Maisie Alexander,0,1,0,1,1,1,1,0,0,1,1,1,1,1,0,1
Kingston Kennedy,0,0,0,1,0,1,0,1,0,0,0,1,1,0,1,0
Brianna Edwards,0,1,0,0,1,0,1,1,0,0,0,0,0,0,0,0
Adrian Vo,1,0,1,0,1,0,0,1,0,1,1,1,0,0,0,1
Artemis Santiago,0,1,0,0,1,0,0,1,1,0,1,0,0,1,0,0
Beckham Gallegos,0,0,0,1,0,1,0,0,1,1,1,0,1,1,0,0
Ari Kirby,1,1,0,0,1,0,0,1,1,0,1,0,1,1,1,1
Tony Liu,0,0,1,0,1,1,1,0,1,1,0,1,0,0,0,0
Kate Gibbs,1,0,1,0,0,0,1,1,0,1,0,1,1,0,1,0
Deacon Rojas,0,0,0,0,1,0,0,0,0,0,1,1,1,1,0,0
Adaline Russell,0,0,0,0,1,1,1,1,0,0,0,0,0,0,1,1
Weston Wolfe,0,1,1,1,1,1,0,0,0,0,1,0,1,0,1,0
Hallie Mata,1,0,1,1,0,0,1,1,0,1,0,1,0,0,0,0
Ray Davila,1,1,1,1,0,1,1,0,1,1,1,0,1,0,0,0
Rayne Hess,0,0,0,1,1,0,0,0,1,0,1,1,0,1,0,1
Lawrence Knapp,1,0,1,1,0,0,1,0,0,0,0,0,1,1,0,1
Linda Chavez,0,0,1,1,1,0,0,0,1,0,1,1,0,1,0,1
Ian Nava,1,1,1,1,0,1,0,1,0,0,1,1,1,1,1,1
Scout Garrison,0,0,1,1,1,0,1,0,0,1,1,1,1,1,1,1
Noe Hensley,1,1,0,0,0,0,1,0,1,0,0,1,0,0,1,0
Malaya Kelly,1,0,1,1,1,1,1,0,1,1,1,1,0,1,1,1
Cooper Bailey,1,0,0,0,0,0,0,0,0,0,0,0,1,0,0,1
Kennedy Felix,0,1,0,0,0,1,1,1,0,1,1,1,0,1,1,1
Rodney Flowers,1,0,0,0,1,0,0,0,1,0,1,1,1,0,1,1
Ariya Houston,1,1,0,0,1,0,1,0,1,0,0,0,1,0,0,0
Sylas Cummings,0,0,0,1,0,0,1,0,1,0,0,0,1,0,1,0
Nylah Knox,0,1,1,0,1,0,1,1,0,1,1,0,0,0,0,1
Valentin Brock,1,1,0,0,0,1,1,0,1,0,1,1,0,0,1,1
Jada Barrera,1,1,0,1,1,0,0,1,1,0,0,0,1,1,0,1
Makai Munoz,0,1,1,1,0,0,0,0,0,1,0,0,1,0,0,0
Kehlani Beard,0,0,0,1,1,0,0,0,1,1,0,0,0,1,1,0
Nathanael Whitehead,0,0,0,0,1,0,0,0,1,1,0,1,1,1,0,0
Sylvie Stout,0,1,1,0,1,0,1,1,1,1,0,0,0,1,1,0
Callahan Rodgers,1,0,0,0,0,0,1,0,0,0,0,1,0,1,0,0
Selah Avery,0,0,1,1,0,1,1,1,0,0,0,0,0,0,0,0
Jakari Jennings,0,0,0,1,0,1,0,1,0,1,1,1,0,1,0,1
Palmer Beltran,0,1,1,1,1,1,1,0,1,1,0,1,0,1,0,1
Ricky Dorsey,0,1,1,0,1,0,0,1,0,0,1,1,0,1,0,1
Addyson Wu,1,0,0,0,1,1,1,0,1,1,0,0,0,0,0,0
Kyson Hensley,1,1,0,1,1,0,1,0,0,0,0,1,0,0,0,0
Malaya Yu,0,1,1,1,1,0,1,1,1,0,1,0,0,0,0,1
Bryant Brady,0,1,0,1,1,0,1,0,0,1,1,1,0,1,1,0
Ryan Ruiz,1,1,0,0,0,0,1,0,0,0,0,1,1,0,0,0
Austin Wagner,1,0,0,0,0,0,0,0,0,1,0,0,0,1,0,0
Maeve Hester,1,0,1,1,0,1,1,1,1,1,0,0,1,0,0,0
Rene Kirk,0,0,1,0,0,0,0,0,1,1,1,0,1,1,1,0
Ellis Norman,0,1,1,1,1,0,0,1,1,0,1,1,1,1,0,1
Aziel Ali,1,1,1,0,0,0,1,0,1,0,0,1,1,1,1,0
Zelda Dickerson,0,1,1,0,0,0,0,1,0,1,1,1,0,1,0,0
Flynn Carson,0,0,0,0,1,0,0,0,1,1,1,0,0,1,0,0
Nalani Willis,0,0,1,1,0,1,0,0,1,0,1,1,0,0,1,1
Remington Long,1,0,0,1,0,1,0,1,0,0,1,1,0,0,1,1
Jade Guevara,0,0,0,1,0,0,0,1,0,0,1,1,0,0,0,1
Tommy Williamson,1,1,0,0,1,0,1,0,1,0,1,1,1,1,1,0
Catherine Sullivan,1,0,0,1,0,1,0,1,1,0,0,0,0,0,1,1
Evan Chung,0,0,0,0,0,1,0,0,0,1,1,1,1,1,0,1
Rivka Heath,1,0,0,1,1,0,0,1,1,1,1,1,0,1,0,0
Lionel Murillo,0,1,1,0,1,0,1,0,0,1,1,1,0,1,1,0
Mikaela Barajas,1,0,1,0,1,1,1,0,0,0,1,1,0,0,0,1
Brennan Pineda,1,0,0,0,0,1,0,0,1,0,0,0,1,0,1,1
Nola Chambers,1,1,1,1,0,1,0,0,0,1,0,0,0,0,1,0
Orion Yates,0,1,0,0,0,0,0,0,1,1,0,1,0,1,0,1
Charley Christensen,0,1,1,1,0,1,0,0,0,0,0,1,1,0,0,0
Gregory Dickson,1,0,0,0,0,1,0,1,0,1,0,1,1,0,0,0
Emmalynn Barber,1,0,1,0,1,1,1,0,1,1,0,1,1,0,0,1
Solomon Steele,0,0,0,1,0,1,0,0,0,1,1,1,1,0,0,0
Rylie Jensen,1,0,1,0,0,0,1,0,1,1,0,0,0,0,1,1
Cash Yu,0,0,1,1,1,1,0,1,0,1,1,1,0,1,0,1
Navy Cobb,0,0,0,1,0,1,1,1,1,1,0,0,0,1,1,1
Raphael Houston,0,0,0,0,0,0,1,1,0,1,1,1,1,1,0,0
Lylah Myers,1,0,1,1,1,0,1,0,0,0,1,1,0,1,1,0
Adam Murphy,1,0,0,1,1,0,1,0,0,1,1,0,0,1,1,0
Bella Church,0,0,1,1,0,0,0,1,1,1,1,1,1,1,1,0
Terrance Davis,1,1,0,0,0,1,1,0,0,0,0,1,1,1,1,0
Mia Rice,0,0,1,1,0,1,1,1,1,1,1,0,1,1,1,0
Graham Andrews,1,0,1,1,0,0,0,1,0,1,1,1,0,0,1,0
Payton Horne,1,0,1,0,1,0,0,1,0,0,0,1,0,1,0,1
Zev Hood,0,0,0,0,0,0,0,0,1,0,0,1,0,0,1,1
Briana Kemp,0,1,1,0,0,1,1,1,0,1,1,1,1,1,1,1
Melvin Alvarado,1,0,0,1,0,1,1,0,0,0,0,0,0,0,0,1
Blake Clark,1,0,1,1,1,0,0,0,1,0,1,0,0,1,0,1
John Dillon,0,1,1,0,1,0,0,1,0,0,1,1,0,0,1,0
Laurel Hernandez,0,1,0,1,0,0,1,1,1,0,0,0,1,1,0,1
Mason Dunlap,0,0,0,1,1,1,0,0,1,0,0,1,1,0,1,1
Iliana Cameron,1,0,0,0,0,0,0,0,0,0,1,1,0,1,1,1
Rayan Dougherty,1,1,0,0,0,1,1,0,0,1,1,1,1,1,1,1
Alisson Flynn,1,0,1,1,0,1,0,0,1,1,0,0,0,1,1,1
Kannon Velez,1,1,1,1,1,0,1,0,0,1,1,1,1,0,0,1
Megan Vincent,0,0,1,0,1,1,0,1,1,0,1,1,1,1,1,0
Aarav Barrett,0,0,1,1,0,0,0,0,1,1,1,0,0,1,1,1
Kendall Choi,1,1,0,0,0,1,1,1,0,0,0,1,1,1,1,0
Khari Macdonald,1,0,0,1,1,1,1,0,1,1,0,0,0,0,1,0
Rosalia Lopez,1,0,0,1,1,0,1,1,1,0,0,0,1,0,1,0
Michael Robles,0,1,0,1,1,1,1,0,1,0,0,0,0,0,0,0
Felicity Blevins,1,0,0,1,0,1,0,1,1,1,0,0,1,0,0,1
Avi Bailey,1,0,1,0,1,0,0,1,0,1,1,1,0,1,0,0
Kennedy White,1,1,1,1,0,1,0,0,0,1,0,1,0,1,1,0
Aiden Herrera,1,1,1,0,0,0,0,1,0,0,0,0,1,0,0,0
Ximena James,1,0,0,1,1,1,0,1,0,0,0,0,0,0,0,0
Jaxson Vasquez,1,0,0,1,1,1,1,1,1,0,0,1,1,0,1,1
Rose Garrett,0,0,0,0,1,1,1,0,1,0,1,0,1,0,1,0
Kairo Moran,0,1,0,0,1,1,0,0,0,1,0,1,0,1,0,1
Celeste Berger,1,1,0,1,1,1,0,0,1,1,1,0,0,0,1,1
Byron Rollins,1,0,1,1,0,1,0,0,0,0,0,0,1,1,0,1
Araceli Young,1,0,1,1,1,1,0,0,0,0,0,0,0,0,1,0
Asher Schultz,1,0,1,1,0,1,0,0,1,0,1,0,0,1,1,1
Briella Merritt,0,1,1,0,1,0,0,1,0,1,0,0,0,0,1,1
Colten Sampson,0,0,1,1,1,0,0,0,0,0,1,1,1,1,1,1
Meilani Palmer,0,0,0,1,1,0,1,1,0,1,0,1,1,0,1,0
Theo Wilkins,1,1,1,1,1,0,0,0,1,1,1,1,0,0,1,0
Amalia West,0,1,0,0,0,0,1,1,0,0,0,0,1,0,0,1
Diego Ochoa,0,0,1,1,1,1,0,1,0,1,1,0,1,1,0,1
Luciana Figueroa,0,1,1,0,0,0,1,1,0,0,0,1,0,1,1,1
Spencer Blanchard,1,0,1,0,1,0,0,1,1,0,1,0,0,1,0,1
Layne Whitaker,1,1,0,1,0,0,0,1,1,1,0,1,0,0,1,0
Keith Brandt,0,1,0,0,1,1,1,1,1,0,0,0,0,1,1,0
Loretta Stokes,1,1,1,0,1,0,1,1,1,0,0,1,0,1,0,0
Santana Barton,0,1,1,0,0,0,0,0,0,0,1,1,0,1,1,1
Danna Abbott,1,1,0,1,1,0,0,1,1,1,1,0,1,1,0,0
Kohen Avery,0,1,1,0,1,1,0,0,1,0,0,1,1,0,1,1
Meghan Wu,1,0,1,1,1,1,1,0,0,1,0,1,0,1,0,0
Kyson McClure,0,0,1,0,1,0,1,1,0,1,1,1,0,0,0,0
Estella Chung,1,1,0,1,0,0,0,0,0,1,0,0,1,0,1,0
Ira Madden,1,1,0,0,0,1,1,0,1,1,0,0,1,1,0,0
Violette Boyer,1,1,1,0,0,0,0,1,1,1,1,1,0,1,1,0
Zeke Meyers,0,1,0,0,0,0,1,0,1,1,1,1,0,0,0,0
Leyla Lopez,0,0,0,1,0,0,1,1,0,0,0,1,1,0,1,1
Michael Nolan,1,1,1,0,1,1,1,1,0,0,1,1,0,1,1,0
Itzayana Boyle,1,0,0,0,1,0,1,1,0,0,1,1,0,0,0,0
Robin Figueroa,0,1,1,1,0,0,1,1,1,0,1,0,1,0,1,0
Lilith Black,0,1,0,0,0,1,0,1,0,0,1,0,1,1,1,1
Matteo Orozco,0,0,0,0,1,0,0,1,1,1,1,1,0,0,1,1
Renata Perkins,1,0,1,0,0,0,0,1,0,0,1,1,1,1,1,0
Kyrie Hanson,0,1,0,0,0,0,1,0,1,1,0,0,0,0,1,1
Mariana Travis,1,0,0,0,1,0,1,1,0,1,1,0,0,0,1,0
Willie Dougherty,1,0,0,1,0,0,1,1,0,1,0,0,1,0,1,1
Alisson Bishop,0,0,0,0,0,1,0,1,0,1,1,1,0,1,0,1
Paxton Zamora,1,1,1,0,0,0,1,1,1,0,1,1,0,0,1,1
Sierra Farrell,0,1,0,1,0,0,1,1,1,0,0,0,0,1,0,0
Ty Gallagher,0,0,1,0,1,0,1,0,1,1,0,0,0,1,1,1
Elliott Hanson,1,1,1,0,0,0,0,0,1,1,1,1,1,1,0,0
Khalil Taylor,1,0,1,1,1,0,1,1,0,1,1,0,0,0,0,1
Sofia Glenn,0,1,1,0,1,1,1,1,1,1,1,1,0,1,1,0
Zaid Garza,0,0,0,1,1,0,0,1,0,1,0,1,0,1,1,1
River Cole,1,1,0,0,0,1,0,0,1,0,1,1,0,0,0,0
Nathaniel Haynes,0,1,1,0,0,1,1,1,0,1,0,1,0,1,0,1
Lexi Donovan,1,1,0,0,0,0,0,1,0,1,0,1,0,1,1,0
Brayan Houston,1,0,0,0,0,1,1,0,1,1,1,0,1,0,1,1
Lylah Craig,1,1,1,0,1,0,0,1,0,1,1,0,1,0,1,0
Odin Wall,1,1,0,1,0,1,1,1,1,1,1,1,1,1,0,1
Jayda Booker,1,0,0,1,0,0,0,0,0,1,1,0,0,0,0,1
Dominik Yang,0,0,1,1,1,1,1,0,0,1,1,0,0,0,1,0
Angelina Gould,0,1,0,0,0,1,1,0,1,1,1,1,0,1,0,1
Blaine Henson,0,1,0,0,1,0,0,1,1,0,0,0,1,0,0,1
Kinslee Juarez,0,0,0,0,1,0,1,1,1,0,1,0,0,0,1,0
Joaquin Humphrey,1,0,0,0,0,0,0,0,1,0,0,0,1,1,1,1
Journi Powell,0,1,0,1,1,0,1,0,1,1,1,1,1,0,1,1
Bennett Fuller,1,0,0,0,0,0,0,1,1,0,0,0,1,0,1,0
Oakley Farmer,0,1,1,0,0,0,0,1,1,1,1,0,1,1,1,1
Jamison Ortiz,0,0,1,1,1,0,0,1,0,0,1,1,0,0,1,0
Anna Palacios,1,1,1,0,1,0,0,0,1,1,0,1,0,0,1,1
Thaddeus Richard,1,1,0,0,0,1,1,1,0,1,1,1,0,1,0,1
Davina Dennis,1,1,1,0,1,0,0,0,0,1,1,1,1,1,1,0
Emanuel Bond,0,0,0,0,1,0,1,1,1,0,0,1,1,0,0,1
Alena Boyd,1,0,1,0,1,1,0,1,0,1,1,0,0,1,0,1
Dean Dorsey,0,0,0,1,1,0,1,0,0,0,0,1,0,1,1,0
Addyson Schmitt,1,0,1,1,0,1,0,0,1,1,1,1,0,0,0,0
Murphy Santiago,0,1,1,0,0,0,0,0,0,1,0,1,0,0,1,1
Nyla Kaur,0,1,0,0,1,0,0,1,1,0,0,1,0,1,1,0
Augustine Harrison,0,0,1,0,1,0,0,0,0,0,1,0,1,0,1,0
Jasmine Jordan,0,1,0,1,1,0,1,0,0,0,1,0,0,0,1,0
Sawyer Beil,1,1,0,0,0,1,1,0,1,1,0,0,0,0,1,1
Itzel Marks,0,1,0,1,1,0,1,1,0,0,1,0,0,1,0,1
Amos Hartman,0,1,0,1,1,1,0,1,1,0,0,0,0,1,0,0
Kennedi Andrews,1,1,1,0,0,1,0,0,1,1,1,1,1,0,0,1
Lukas Ryan,1,0,1,1,1,0,0,0,1,0,1,1,1,0,0,0
Morgan Strong,1,0,1,0,1,1,1,1,1,0,1,1,0,1,0,1
Axl Chambers,0,0,0,0,0,0,1,0,0,0,0,1,1,0,0,0
Makayla Valentine,1,0,0,0,1,0,1,0,1,1,0,0,1,0,1,1
Demetrius Daniel,1,1,0,0,1,1,1,0,0,0,1,0,1,0,1,0
Joy Newton,0,0,0,0,1,0,0,1,0,0,1,1,0,1,1,0
Santino Hines,0,1,0,0,0,1,0,1,0,1,0,0,1,0,1,0
Poppy Contreras,0,0,0,0,0,0,0,1,0,1,0,1,0,1,1,1
Emilio Underwood,0,1,0,0,1,1,1,0,0,0,1,0,1,0,1,1
Ensley Robinson,0,0,1,1,0,0,0,1,0,1,0,1,1,0,0,1
Matthew Dominguez,0,1,1,0,0,0,0,1,0,1,1,0,1,0,0,1
Raegan Wilson,0,1,0,1,0,1,1,0,1,0,1,1,0,0,1,1
Daniel Davis,1,1,0,1,0,0,1,1,1,0,1,1,1,0,1,1
Mia Becker,0,0,1,1,0,0,1,1,1,0,0,0,1,0,1,0
Lawson Ware,1,1,1,0,0,0,1,1,1,1,0,0,0,0,0,1
Eileen Robbins,1,1,1,0,0,1,0,1,0,0,1,1,0,1,1,1
Finnegan Hail,1,0,1,0,1,0,1,1,0,1,0,1,1,0,1,0
Lainey Hurst,1,0,0,1,1,1,1,0,1,1,0,1,0,1,1,1
Neil Dean,1,1,1,1,1,1,0,0,0,0,0,1,0,0,0,0
Julianna Fleming,1,1,1,1,0,1,0,0,0,0,0,0,1,1,1,1
Fernando Kane,1,1,1,0,1,1,0,0,1,1,0,1,1,1,0,1
Ellianna Bowers,0,1,0,0,0,1,1,1,0,0,1,0,1,0,0,0
Dorian Huff,0,0,0,0,0,1,1,1,0,0,1,0,0,1,1,0
Karsyn Meza,0,1,0,1,0,1,0,1,0,1,1,0,1,0,1,0
Lucian Monroe,0,0,0,1,0,0,0,1,0,1,0,0,1,1,0,0
Carly Huerta,0,1,0,0,0,0,0,1,1,0,0,0,0,1,1,0
Douglas O’Neal,1,0,0,1,1,0,1,1,1,1,0,0,0,1,1,1
Treasure Norton,0,1,1,1,1,1,0,1,1,1,0,0,0,0,1,0
Callen Salinas,1,1,1,0,0,1,1,1,1,0,1,1,1,1,0,1
Royalty Page,0,0,1,1,1,1,0,1,0,0,1,0,1,1,0,1
Pablo Zuniga,0,1,1,0,1,1,0,1,0,1,0,0,1,1,1,1
Leslie Moore,1,0,1,1,1,1,1,0,1,0,1,0,1,1,0,0
Levi Turner,1,1,1,0,1,1,1,1,1,0,1,0,1,1,1,1
Brooklyn Dean,1,1,1,1,1,0,1,0,0,0,0,1,1,0,0,0
Ronan Reese,1,0,0,1,0,1,1,0,0,1,0,0,0,0,1,0
Rosemary Reyna,0,1,1,1,1,0,1,1,0,1,1,1,1,1,0,1
Reginald Norris,1,0,1,1,0,1,1,0,0,0,1,1,1,0,0,1
Arielle Pruitt,1,1,0,1,0,0,0,0,0,1,0,1,0,0,1,0
Gatlin Huber,0,1,1,1,1,0,1,1,0,1,1,0,1,0,1,0
Raquel Wade,1,0,1,0,0,1,0,1,1,0,1,0,1,0,1,0
Jake Compton,1,1,0,1,1,1,0,0,1,0,0,1,1,1,1,1
Elina McCoy,0,0,1,0,0,0,0,1,1,1,0,1,0,1,1,0
Jett Mendoza,1,1,1,1,1,0,1,1,0,0,0,0,0,0,0,0
Cora Larson,0,0,1,1,1,1,1,0,1,0,1,0,0,1,1,1
Rafael Barton,1,0,0,1,1,0,0,0,0,0,1,0,0,1,0,0
Danna Massey,0,1,1,1,1,1,0,1,0,1,0,1,1,0,1,1
Donald Blevins,0,0,0,1,1,0,0,1,1,0,1,1,0,0,0,1
Aila Norman,0,1,1,0,1,1,0,1,1,1,0,0,1,1,0,1
Aziel Diaz,0,0,0,1,0,1,1,1,1,0,0,1,0,1,0,0
Elena Thornton,0,1,1,1,1,1,1,1,1,0,0,1,0,1,1,0
Malik Wilkinson,0,1,0,1,0,1,1,0,0,1,1,0,0,1,0,1
Siena Mayer,1,0,1,0,0,0,0,0,1,0,0,1,0,1,1,1
Yahir Cantu,1,0,1,0,0,0,0,0,1,0,1,1,0,0,1,1
Galilea McLaughlin,1,1,0,0,1,1,0,0,0,0,1,1,0,0,0,0
Ibrahim Pace,1,0,1,1,0,0,1,1,1,0,1,1,0,1,0,1
Giana Joseph,0,1,1,1,1,0,0,0,1,1,0,0,0,0,1,0
Kyle Schwartz,1,0,1,1,0,1,0,0,1,0,1,1,0,1,0,0
Lilliana Knapp,1,1,0,0,1,1,1,0,0,0,1,0,1,1,0,0
Boden Hebert,0,0,0,1,1,0,1,1,1,1,1,0,1,0,1,1
Kyleigh Schmitt,0,1,1,1,0,0,1,0,0,1,1,1,0,1,0,1
Murphy Leonard,1,0,1,0,0,1,1,0,0,0,0,0,1,0,0,1
Demi Hines,0,0,0,0,0,1,0,1,1,1,1,1,1,0,0,1
Uriel Kelly,1,0,1,0,0,1,0,1,1,1,0,1,0,0,0,1
Ruby Houston,0,1,0,0,0,1,1,1,1,0,1,0,0,1,1,0
Sylas Singleton,1,1,0,0,1,0,1,0,1,0,0,0,0,0,1,0
Malaysia Schaefer,0,0,0,1,1,0,0,0,1,0,0,1,1,1,1,1
Ishaan Hicks,0,1,0,0,1,1,0,0,1,0,1,1,1,1,1,0
Alina Moore,1,0,0,0,1,1,0,1,1,0,1,1,0,1,1,0
Levi Mathis,0,1,1,1,1,1,0,0,1,1,0,1,0,1,0,0
Anne Brock,1,0,1,0,1,0,1,0,1,0,1,1,1,0,1,0
Julio Tyler,1,0,0,1,1,0,0,1,1,1,0,0,0,0,0,1
Helena Graham,0,0,0,0,1,1,1,0,0,0,0,0,0,0,1,0
Giovanni Turner,0,0,0,1,0,0,0,0,1,0,0,1,0,1,1,1
Brooklyn Vargas,1,0,0,1,1,1,0,0,1,0,0,1,1,1,1,0
Ryker Davila,1,1,1,0,0,1,0,1,0,1,0,1,0,1,0,1
Rayne Davenport,1,1,0,0,0,0,1,1,1,1,1,1,1,0,1,0
Dariel Sampson,1,0,0,1,1,0,1,1,1,0,0,0,0,0,0,1
Meilani Andrews,1,1,1,1,1,0,1,1,0,0,1,0,0,0,0,1
Lukas Ray,0,1,0,1,0,0,1,0,0,1,0,0,1,1,1,0
Ruth Wong,0,0,1,1,0,1,0,0,0,1,1,1,0,0,0,0
Walter Newman,1,0,0,0,1,1,0,0,0,1,1,0,1,1,1,1
Oaklynn Sanford,1,1,1,1,0,0,0,0,1,0,0,0,1,0,0,0
Truett Dickerson,0,0,1,0,0,0,1,0,1,1,1,0,0,0,0,0
Opal Liu,1,1,0,1,0,1,1,1,0,1,1,1,0,0,1,0
Pedro Robbins,0,0,0,0,1,1,1,1,0,0,1,1,1,0,1,1
Stevie Howe,1,0,0,1,1,1,1,0,1,0,0,1,1,0,1,0
Alaric Wilcox,1,1,0,0,0,1,1,1,1,1,0,1,0,1,0,1
Ashlyn Gates,0,1,1,1,0,1,1,0,1,1,1,1,1,1,1,1
Ermias Meyers,0,1,0,0,1,0,0,1,0,1,0,0,1,1,0,1
Leyla Roy,0,1,1,0,1,0,0,0,0,1,0,1,0,0,0,1
Marcelo McClain,0,0,0,1,0,0,1,0,1,1,1,1,1,1,1,1
Marleigh Thomas,0,1,1,1,0,1,1,1,0,0,1,1,1,1,0,1
Logan Gillespie,1,1,0,0,1,1,1,0,0,1,0,1,0,1,1,0
Alianna Richards,1,0,1,0,0,1,0,0,0,0,0,0,0,0,0,1
Holden Riley,0,1,1,0,1,0,0,0,0,1,1,0,1,1,0,1
Kayla Mosley,1,0,1,1,1,0,0,1,0,1,0,0,0,1,0,1
Rayden Potter,1,1,1,1,0,1,0,1,1,0,1,1,1,1,0,1
Rory Stuart,1,1,0,1,1,1,1,0,1,1,1,0,1,0,0,0
Dion Howell,1,0,0,0,0,1,1,1,0,1,0,0,1,0,1,1
Mckenna Yates,1,0,1,1,1,0,1,1,1,0,1,0,1,0,0,1
Braylon Norman,1,0,1,1,1,0,0,1,0,0,1,0,1,1,0,0
Malani Mack,1,1,1,0,1,0,1,0,1,0,0,1,1,0,1,0
Esteban Hartman,1,1,1,0,1,0,1,0,0,1,0,1,1,0,0,1
Kennedi Delarosa,1,1,0,1,0,1,0,0,0,0,0,1,1,1,1,0
Osiris Acevedo,1,0,1,1,0,1,1,0,1,0,1,1,0,1,0,0
Ashlynn Guerra,1,1,0,0,0,0,0,1,0,0,0,1,0,1,0,1
Leland Bennett,0,1,1,1,0,1,0,0,1,0,1,0,1,1,0,0
Josephine Payne,1,1,1,0,1,1,0,1,1,1,0,1,1,1,1,0
Edward O’brien,0,1,1,0,0,0,0,0,1,1,1,1,1,1,0,0
Joanna Hughes,0,1,0,1,0,0,1,1,1,1,0,1,1,0,1,0
Everett Doyle,0,0,1,1,0,1,0,1,0,0,1,1,0,0,1,1
Annalise Wilkinson,1,1,0,0,0,1,0,1,0,1,0,0,1,1,0,1
Leonard Johnston,1,0,1,1,1,1,1,1,1,1,1,1,0,1,1,1
Laila Tapia,1,1,1,1,1,0,0,0,1,0,0,0,0,1,1,0
Samir Russell,0,1,1,0,1,0,1,0,1,1,1,1,1,0,1,1
Raelynn Crane,0,1,1,0,0,1,0,0,1,0,1,0,1,1,1,0
Fox Hansen,0,1,1,0,1,1,1,0,0,0,1,1,0,0,1,0
Hope Rosario,1,1,1,0,1,1,1,1,1,0,1,0,1,0,0,1
Jedidiah Hines,0,1,1,0,0,0,1,1,1,1,0,1,1,1,0,1
Poppy Duarte,0,1,1,1,0,1,1,0,0,1,1,1,1,1,0,1
Abdullah Burton,0,1,0,0,1,1,1,0,0,1,1,1,1,0,1,1
Miriam Rubio,1,0,1,0,0,1,0,0,0,0,0,1,0,1,1,0
Titan Ware,0,0,1,0,0,1,1,1,0,0,1,1,1,1,0,0
Eileen Trujillo,0,1,0,0,1,1,0,1,1,1,0,1,1,0,1,0
Apollo Mejia,1,1,0,1,0,1,0,1,0,1,0,0,0,0,1,1
Saylor Sullivan,0,0,0,1,0,1,0,0,0,0,1,0,0,0,1,0
Evan Madden,1,1,1,1,1,1,0,1,0,1,0,1,0,1,0,1
Violette Brennan,0,1,0,1,0,1,0,0,1,0,0,1,1,1,1,1
Curtis Martinez,0,1,0,0,1,0,0,1,1,0,1,0,0,0,0,0
Harper Carlson,1,0,1,0,0,0,1,1,1,1,0,1,1,0,1,1
Paul Todd,1,0,0,1,1,0,1,1,1,0,1,0,1,0,0,1
Zariah Mendez,0,1,0,0,0,1,1,1,1,1,1,0,0,1,0,0
Arthur Beltran,1,0,0,0,0,0,1,0,1,0,0,0,1,0,0,0
Kaydence Potter,1,0,1,1,0,1,0,1,1,0,0,1,1,1,0,1
Lucca Flowers,1,1,1,0,1,1,1,0,1,1,0,0,0,0,1,0
Ariya Watson,0,1,0,0,0,1,0,1,0,0,0,1,0,0,1,0
Greyson Jimenez,0,1,0,0,0,0,0,1,0,1,1,0,1,1,0,0
Adeline Rangel,1,0,1,1,1,1,0,0,1,1,0,0,1,0,1,0
Saint Rowland,1,0,0,0,1,0,0,0,1,1,0,1,1,0,1,1
Harleigh Perry,1,0,0,0,0,0,1,0,1,0,1,0,0,1,0,0
Waylon Graves,0,1,1,1,1,0,0,0,0,0,0,1,1,1,1,1
Elle Myers,0,1,0,0,0,1,0,0,0,0,1,0,0,1,1,0
Adam Dudley,1,0,0,1,1,1,1,1,1,0,0,1,1,1,1,0
Hadleigh Hensley,0,0,0,0,0,0,1,1,0,0,0,1,1,0,0,0
Layne King,0,0,0,1,0,1,0,1,1,1,1,1,1,0,0,0
Victoria Wood,1,1,1,0,1,0,1,0,1,1,0,1,0,0,1,0
Carson Randolph,0,1,0,0,1,0,0,0,1,1,1,1,1,1,0,0
Kailey Bentley,0,0,1,1,0,1,1,0,1,1,1,0,0,0,0,0
Randy Watson,1,1,0,1,1,1,1,0,1,1,1,1,0,1,1,0
Hailey Zuniga,0,0,1,0,1,1,0,0,1,1,0,0,0,0,0,0
Sincere Estes,1,1,1,1,1,0,0,0,0,1,0,0,0,0,0,0
Brittany Luna,1,1,1,1,0,1,1,1,0,1,0,0,0,0,1,1
Erick Terrell,1,1,0,1,0,1,0,1,1,1,1,0,0,1,1,1
Paityn Schultz,1,0,1,1,0,0,1,0,0,0,1,1,0,0,0,0
Cody Walton,0,0,0,1,0,0,1,1,1,0,1,0,0,1,0,1
Scarlet Webster,1,1,0,0,1,1,1,0,0,1,0,0,0,0,1,1
Shawn Good,1,1,0,0,1,1,1,0,0,1,0,1,1,0,1,1
Nathalia Hancock,1,1,1,0,0,0,0,0,1,1,0,0,1,1,0,0
Rex Moreno,1,1,0,0,0,0,0,1,1,1,0,1,0,0,1,0
Mary Page,1,0,1,1,0,1,0,1,0,0,1,1,0,0,0,1
Pablo Watkins,0,1,1,1,1,0,0,1,1,0,1,1,0,0,1,1
Lola Bowers,0,0,1,1,1,0,0,0,0,1,1,1,1,0,1,1
Dorian Conway,1,1,1,1,1,0,0,0,1,0,0,0,1,0,1,1
Ryann Morse,0,0,0,1,1,1,1,0,1,0,0,0,0,1,1,1
Bode Conrad,1,1,0,1,1,0,1,0,0,0,0,0,1,1,0,1
Bexley McKee,0,0,1,0,0,1,0,0,1,0,0,1,1,0,0,1
Bjorn Stout,0,0,0,0,1,1,1,1,1,1,0,1,0,1,0,1
Chana Stevenson,0,0,1,1,0,1,1,1,0,0,0,1,0,1,0,0
Callan Bridges,1,0,1,0,0,0,1,1,1,1,0,1,0,0,1,1
Elora Heath,0,0,1,1,0,1,0,0,0,1,0,0,1,1,1,0
Lionel Crosby,1,1,1,1,0,1,0,1,0,0,0,0,0,1,0,1
Keily Landry,0,0,1,1,0,0,1,1,1,0,1,0,0,1,0,0
Jaxx Green,1,0,1,1,0,1,1,0,1,0,0,1,1,1,0,0
Zoe Wong,1,0,0,1,0,0,0,0,1,0,0,0,0,1,1,0
Walter Woodard,1,0,0,1,1,0,1,0,0,0,0,0,0,0,0,1
Aubrie Bullock,1,0,1,1,1,0,0,0,0,1,1,0,1,1,0,0
Ben Choi,0,1,1,1,0,0,1,1,1,0,0,0,0,1,1,0
Karla Villarreal,0,0,1,0,1,1,1,0,1,0,1,1,1,1,1,1
Nikolai Chan,0,0,0,0,0,1,1,0,0,0,1,0,1,0,1,1
Hattie Welch,1,0,0,1,1,1,1,1,1,1,0,1,0,1,1,0
Hendrix Pace,0,0,1,0,0,0,0,0,0,0,0,1,1,0,0,1
Giana Cohen,1,0,0,0,1,1,0,1,0,1,1,0,1,1,0,1
Killian Richards,0,0,0,0,1,0,0,0,1,0,1,0,1,1,1,0
Trinity Wang,1,0,0,0,0,1,1,0,0,0,1,1,1,1,1,0
Cohen Cortez,0,0,1,1,0,1,0,1,1,1,1,0,0,0,0,0
Haven McLaughlin,0,1,0,1,0,1,1,0,1,1,0,1,1,0,1,1
Ibrahim Wright,1,1,0,1,0,1,0,0,0,1,0,0,0,0,0,0
Lily Lopez,0,1,1,0,0,1,0,1,0,0,0,1,1,0,0,0
Michael Mann,1,0,1,0,1,1,1,1,0,1,1,0,1,1,1,1
Paislee Larson,0,0,0,0,1,0,0,0,1,1,1,0,1,0,1,1
Rafael Holt,0,1,1,1,1,0,1,1,0,1,1,1,0,1,0,1
Adelynn Giles,0,0,0,1,1,1,0,0,1,0,0,1,1,1,0,1
Kole Dalton,1,0,1,0,0,1,1,1,1,1,0,0,0,1,1,1
Lilian Curtis,1,0,1,1,0,0,0,0,0,0,0,0,1,1,0,0
Muhammad Hall,0,0,1,0,1,0,1,1,0,1,1,0,0,0,1,0
Leah Bruce,1,1,1,0,1,0,0,1,0,0,0,1,0,1,0,0
Uriah Archer,1,1,0,0,1,1,1,1,1,0,1,0,0,1,1,1
Kadence Nolan,0,1,0,0,1,0,0,0,0,1,0,0,0,1,0,1
Maximo Costa,1,1,1,1,1,0,1,1,1,1,1,1,0,1,1,1
Robin Hardin,1,1,1,0,1,1,1,1,1,0,0,0,0,0,1,0
Hassan Watts,1,1,0,0,1,1,0,0,0,1,1,0,0,0,1,0
Melissa Jarvis,0,1,0,0,0,1,0,0,1,0,0,1,0,0,1,0
Marlon Grant,0,1,0,0,0,0,1,1,1,1,0,1,1,1,1,1
Alaina Moses,1,1,0,0,0,1,0,1,0,1,1,1,0,0,1,0
Niklaus Woods,1,0,1,0,0,0,1,0,0,0,0,1,0,0,0,0
Reese McConnell,1,1,1,0,0,1,0,1,1,0,1,0,1,0,0,1
London Marks,1,0,1,0,0,1,0,0,1,0,0,0,1,0,1,1
Monica Bennett,1,0,0,0,0,1,1,0,1,0,1,1,0,0,1,0
Leonardo Summers,0,0,0,1,0,1,0,0,0,1,1,0,1,1,0,0
Frankie Cook,0,0,0,0,1,1,1,1,0,0,1,1,1,1,0,0
Ezekiel Fischer,0,1,1,0,1,0,1,0,1,1,0,1,0,0,1,1
Maci Alfaro,0,1,1,1,1,1,0,1,1,1,1,1,1,1,1,1
Xzavier Gray,1,0,1,1,0,1,0,0,0,0,1,1,1,1,1,0
Sarah Strickland,0,1,0,1,0,1,1,1,0,1,0,1,0,0,1,1
Keegan Woodard,0,0,0,0,0,1,1,0,0,1,0,0,0,1,1,1
Aubrie Gentry,0,0,0,1,1,1,0,0,0,0,0,1,0,1,1,0
Magnus Weber,0,1,1,1,1,0,0,0,1,0,1,1,1,1,0,1
Alayah Simmons,1,1,0,1,1,1,0,1,0,1,1,1,0,0,1,0
Harrison Vazquez,1,0,1,1,1,1,0,1,0,1,0,1,0,0,1,0
Journee Phillips,1,0,0,1,0,1,0,0,0,1,1,0,1,1,1,1
Andrew Cohen,0,0,0,1,0,1,0,0,0,1,1,0,0,1,0,0
Destiny Patton,0,1,0,1,0,1,0,0,0,1,1,0,1,1,1,1
Moises Tucker,1,0,0,1,0,1,1,0,1,0,1,0,0,0,0,1
Esther Schmidt,1,1,1,1,0,0,1,0,1,0,1,0,0,0,0,1
Zayden Benitez,0,0,0,0,1,1,0,0,1,0,0,1,1,0,1,1
Aliza Ramsey,1,0,1,1,0,1,1,1,1,0,1,1,0,0,1,1
Luciano Hill,1,1,0,1,0,0,1,0,1,0,1,1,1,0,1,0
Hannah Walter,1,1,0,1,0,1,0,1,0,1,1,1,0,1,1,1
Lochlan Bartlett,0,0,1,0,0,0,1,0,0,0,1,0,1,0,0,0
Aubrielle Medrano,0,0,1,1,1,1,1,1,1,1,1,0,1,1,1,1
Arian Schaefer,1,1,1,1,0,1,0,1,1,1,0,1,1,1,1,1
Mavis Knapp,0,1,0,0,0,0,0,1,0,0,0,0,0,0,0,0
Boden Hoffman,0,0,0,1,0,1,0,0,0,1,1,0,0,0,0,1
Aspen Lim,0,0,0,0,0,1,1,0,1,1,0,0,1,0,1,0
Cal Lawson,1,0,1,1,1,0,1,1,0,0,1,0,0,1,0,1
Phoebe Baxter,0,0,1,1,1,0,1,0,1,1,0,1,0,0,1,1
Tomas Atkins,0,1,1,0,1,0,1,0,1,1,1,0,1,1,1,1
Mina Nicholson,1,0,0,1,0,0,1,0,1,1,0,0,1,0,0,0
Rodrigo Chase,0,0,1,0,1,0,1,1,1,0,1,0,0,0,1,0
Angie Dudley,1,0,1,1,1,0,1,0,1,0,1,0,1,1,0,0
Colter Proctor,1,0,1,1,1,1,1,0,1,0,0,0,1,1,0,0
Chandler Nava,1,0,0,0,1,0,1,1,0,1,0,0,1,1,1,0
Stefan Hoover,1,1,1,1,1,1,1,0,0,0,0,0,0,1,0,1
Virginia Odom,1,0,0,1,1,0,1,0,1,0,1,1,1,1,0,1
Kylian Franklin,0,0,1,1,1,0,0,0,0,0,1,0,1,0,0,0
Angela Shaffer,1,1,1,0,0,0,0,1,0,0,1,0,0,1,1,1
Dexter Everett,0,1,1,0,1,0,0,1,0,0,1,1,0,0,0,0
Noah Wilson,0,1,0,1,0,0,1,1,1,0,0,1,0,1,1,0
Daniel Nichols,0,1,1,0,0,0,1,0,1,1,0,0,0,0,0,0
Aliyah Navarro,1,0,0,1,0,1,0,1,1,0,1,0,0,0,0,1
Reid Lara,0,1,0,1,1,1,0,0,1,0,1,1,1,0,1,0
Heidi Harper,0,0,1,1,1,1,1,0,1,0,0,1,1,1,1,1
Hayes House,1,0,1,1,0,1,1,1,1,1,1,0,0,1,0,1
Sariah Bowman,1,1,0,0,1,1,0,1,0,1,0,0,0,0,0,1
Francisco Medina,1,0,1,1,0,0,0,0,1,0,1,1,1,0,1,1
Elliana Skinner,0,0,1,0,1,1,1,0,0,0,1,1,0,1,1,0
Ridge Vaughn,1,1,1,1,1,0,0,0,1,0,1,1,0,0,0,1
Reign Chambers,1,0,1,1,1,1,1,1,0,0,1,0,1,1,1,0
Orion Meyers,0,1,1,1,0,0,0,0,1,0,0,1,0,1,1,0
Leyla Erickson,1,1,0,1,0,0,1,1,1,1,0,0,1,0,0,1
Johnny Hartman,0,1,0,0,0,1,0,1,0,0,1,1,1,0,0,1
Kennedi Stevenson,0,1,1,0,0,1,1,0,1,0,1,1,1,0,1,0
Callan Wilkinson,0,1,0,1,1,1,0,0,0,1,0,1,1,1,0,0
Siena Duran,1,0,1,1,1,1,1,1,1,1,0,0,0,1,0,0
Ismael Porter,1,1,1,1,0,1,1,0,0,0,0,1,1,1,0,0
Ryleigh Mosley,0,0,1,1,0,1,0,0,1,0,0,0,1,1,1,0
Rayden Moran,0,1,1,0,0,0,0,1,0,0,1,0,0,1,1,1
Celeste Acevedo,1,1,0,0,1,1,0,1,0,0,1,0,0,1,1,1
Dakari Woodard,1,0,1,1,1,0,1,0,1,0,0,0,0,0,0,0
Aubrie Rivera,0,0,1,1,1,0,0,1,0,1,1,1,1,1,0,0
Charles Duran,0,1,1,1,0,0,0,0,1,0,0,0,1,1,0,1
Willa Patterson,1,1,0,0,1,0,0,0,0,0,1,0,1,0,1,0
Amir Carroll,1,1,1,0,1,0,1,1,1,1,1,0,0,1,1,1
Zara Moore,1,0,0,0,0,0,0,1,0,1,0,0,1,1,1,1
Levi Luna,1,1,1,1,0,0,1,0,1,0,0,0,1,0,1,0
Journey Chase,1,0,1,0,0,1,1,0,0,1,1,0,1,0,1,0
Otis Burke,1,0,1,1,0,1,1,1,1,0,0,1,0,1,1,1
Vera Case,0,0,1,1,0,1,1,1,1,1,1,0,0,0,1,0
Bentlee Lynch,0,1,0,0,0,1,0,1,0,1,0,0,1,1,1,1
Malia Barnes,1,1,1,1,1,0,0,1,1,1,1,1,1,0,0,0
Damian Huber,1,0,0,0,1,0,0,1,0,1,0,0,1,1,0,1
Raquel Parks,1,0,0,0,0,1,1,0,0,0,1,0,1,1,1,0
Gianni Evans,1,1,0,0,0,1,0,1,0,1,0,1,1,1,0,1
Eliana Collier,0,0,0,1,0,0,1,0,0,1,0,0,0,0,1,1
Edison Hendricks,0,1,0,0,1,0,1,0,0,1,0,1,0,1,0,1
Dani Marks,1,1,1,0,0,1,1,0,1,0,1,0,1,1,0,1
Amos Everett,0,1,1,0,1,1,1,0,1,1,0,0,1,1,0,0
Noah Booth,0,0,0,0,1,1,0,0,0,0,0,1,1,1,0,0
Chaim Townsend,0,1,1,0,0,0,1,1,0,0,1,1,0,0,1,0
Azalea Russo,1,0,0,0,0,1,0,1,0,0,1,1,0,1,1,0
Jamie Cordova,0,1,0,0,1,1,1,1,1,1,0,0,1,0,0,0
Florence Garza,0,0,0,1,0,0,1,0,1,0,0,0,1,0,0,0
Judah Pratt,0,0,0,0,0,1,1,0,1,1,1,0,1,0,0,1
Ailani Adkins,1,0,1,1,0,0,1,1,0,0,0,1,1,0,0,0
Kylo Galvan,0,0,0,1,1,1,1,1,1,1,1,1,0,0,1,1
Dallas Foley,0,1,0,1,0,0,1,1,0,0,0,0,0,1,0,0
Mohammad Gibbs,1,1,0,1,0,1,0,0,1,0,0,1,1,0,0,0
Carter Compton,0,1,0,0,0,1,0,1,1,1,0,0,0,1,0,0
Abner Andersen,0,0,1,1,1,0,1,1,0,0,1,1,1,1,0,1
Zoie Orr,0,1,0,0,0,0,0,1,1,1,0,1,1,0,0,1
Benicio Pennington,0,1,0,0,1,1,0,1,1,0,1,0,1,1,0,1
Yareli Sandoval,0,0,1,0,1,0,0,0,0,0,0,0,0,1,0,1
Brantley Frazier,1,1,1,1,1,1,1,1,1,0,1,0,1,0,0,0
Octavia Vasquez,0,1,1,1,0,1,1,1,1,0,0,0,1,0,0,0
Rowan Bass,0,1,1,0,0,1,1,0,0,1,1,0,0,1,1,1
Zahra Brewer,0,0,1,1,0,1,1,0,1,1,1,0,1,1,0,0
Cruz Rosales,1,1,0,1,1,0,0,1,1,0,1,1,0,0,1,1
Kinley Shah,1,0,1,0,1,0,1,1,1,0,1,1,1,0,0,0
Zain Cherry,0,1,1,1,1,0,0,1,0,1,1,1,1,0,1,1
Nyomi Shaffer,0,1,0,0,1,1,0,1,0,1,1,0,0,0,0,1
Dexter Gross,0,0,1,0,0,0,1,0,0,1,1,1,1,1,1,1
Angel Willis,0,0,1,1,0,1,0,1,0,1,1,0,0,0,0,0
Remington Benson,0,0,1,0,1,1,1,1,0,1,1,1,0,0,0,0
Collins Robles,0,0,0,0,0,1,1,0,1,1,1,1,1,0,0,1
Otto Weber,1,0,0,1,0,0,1,1,1,1,1,0,0,0,0,1
Alayah Small,0,1,0,0,1,1,0,0,0,1,1,1,0,1,0,0
Rudy Mathis,0,0,0,1,1,1,1,0,0,0,1,0,1,0,1,1
Anne Hall,1,1,0,1,1,0,1,0,1,1,1,1,0,0,0,0
Thomas Shepherd,1,0,0,1,0,1,0,1,0,1,0,1,1,1,1,0
Katalina Reynolds,1,1,0,1,1,1,0,1,1,1,1,0,1,0,1,1
Vincent Saunders,1,0,0,0,0,0,0,1,0,1,0,1,1,0,1,0
Meadow Molina,0,1,0,0,0,0,1,0,1,0,1,0,0,0,1,0
Prince Vo,1,1,1,1,1,0,0,1,0,1,1,1,1,0,1,1
Artemis Carroll,1,0,0,0,1,0,1,0,0,1,1,1,1,0,1,1
Oscar Rodriguez,1,1,0,1,0,0,1,0,1,0,0,0,0,1,0,1
Evelyn Curry,1,1,0,1,1,0,1,1,1,0,0,1,0,1,0,1
Briggs Stone,1,1,0,1,1,1,0,1,0,0,0,0,1,0,1,0
Catalina Mack,0,0,0,1,0,1,1,1,0,1,0,1,1,1,1,0
Esteban Cook,0,1,1,1,0,0,0,1,0,1,0,0,0,1,0,0
Aaliyah Herring,0,0,0,1,0,0,1,1,0,1,0,1,1,1,1,1
Henrik Willis,0,1,0,0,0,1,0,0,1,1,0,1,1,0,1,1
Alexa Fields,1,1,0,0,1,0,0,0,0,0,1,0,1,1,1,0
Clayton Houston,1,1,0,0,0,1,1,0,0,0,1,1,0,1,1,1
Lylah King,1,0,0,1,0,1,0,1,0,0,0,1,0,0,0,1
Julian Wilkins,1,1,1,1,1,1,0,1,0,0,1,0,0,1,1,0
Amalia Hogan,1,0,1,1,1,0,0,0,0,1,1,1,1,0,1,1
Sonny McCullough,0,0,0,0,0,0,0,1,0,1,0,1,0,1,1,0
Hana Miranda,0,0,0,1,1,0,0,1,0,0,0,0,1,1,1,0
Rory Daugherty,0,1,0,1,1,0,0,0,1,1,0,0,0,1,0,1
Magdalena Pugh,1,0,0,0,1,0,1,0,1,0,0,0,0,1,0,1
Judson Burke,1,0,0,1,0,1,0,0,1,0,0,0,1,1,0,1
Vera Navarro,0,0,0,0,0,0,1,1,1,0,0,1,1,1,1,0
Reid Payne,1,1,0,0,1,1,1,0,0,0,1,0,1,0,0,1
London Vaughn,1,1,0,0,1,1,0,1,0,0,0,1,0,1,0,0
Remy Kline,0,1,0,1,0,1,1,0,1,0,0,0,1,0,1,1
Sevyn Saunders,0,0,1,0,0,0,0,1,0,1,0,1,0,0,0,0
Kasen Frank,0,1,1,0,0,0,1,0,1,1,0,1,0,0,0,0
Dior Newman,1,0,1,1,0,1,0,1,1,0,1,1,0,0,1,1
Anderson Combs,1,0,0,1,0,0,0,0,1,1,0,1,1,0,1,0
Irene Richard,1,1,1,0,1,1,0,0,1,0,1,0,1,1,0,0
Ahmed Eaton,1,1,0,0,0,1,0,1,1,1,0,0,1,0,1,0
Miley Spears,1,0,0,0,0,0,0,1,1,0,1,1,1,0,0,1
Ameer Wilson,1,0,0,1,1,0,1,1,1,1,0,0,1,0,1,1
Luna Galvan,1,0,1,0,1,1,0,0,0,0,0,1,0,0,0,0
Kingsley Bean,0,0,0,1,0,0,1,0,0,1,0,1,0,0,1,0
Jenesis Sanford,0,1,0,0,1,1,1,0,0,0,0,1,0,0,1,1
Truett Malone,1,1,0,1,1,0,0,0,0,0,0,1,0,0,1,0
Skyler Collier,0,0,0,1,0,1,1,0,0,0,0,1,1,0,0,1
Edison Cobb,0,1,0,0,0,1,1,0,1,0,1,1,1,0,1,1
Aviana O’Donnell,0,0,0,1,1,0,0,1,1,0,1,0,0,1,0,1
Lian Estes,1,0,1,0,0,0,1,0,1,1,1,0,0,0,1,1
Brittany Newman,0,0,1,0,0,1,1,1,1,1,0,0,1,1,1,0
Anderson Cortes,1,0,0,0,1,0,0,0,1,1,0,1,0,0,0,1
Lea Stout,0,1,1,0,1,0,1,1,1,0,1,1,1,1,1,0
Callahan Montgomery,0,0,1,1,1,0,1,1,0,0,1,0,0,1,1,0
Evangeline Salgado,1,0,0,0,0,0,1,0,0,1,1,0,1,1,1,0
Trace Bass,1,1,0,0,1,0,0,0,1,1,0,1,0,0,1,1
Zahra Leblanc,0,1,1,1,0,1,1,1,1,0,1,0,0,1,1,0
Braden Heath,0,0,1,0,0,1,0,0,0,1,0,1,0,1,1,0
Amani Baldwin,0,0,1,0,1,1,0,1,1,1,0,0,1,1,0,1
Jaiden Morton,1,0,0,1,0,1,1,0,1,1,1,0,0,1,0,0
Mallory Rush,0,1,1,1,1,0,0,0,0,1,1,0,0,1,0,0
Kaiser Rogers,0,0,1,1,1,0,0,0,1,1,0,0,0,0,0,0
Madelyn Ramsey,0,1,0,0,0,1,1,1,0,0,0,1,1,0,1,0
Luciano McCann,0,0,1,0,1,0,1,0,1,1,1,1,0,1,1,1
Joyce Larsen,1,1,1,1,1,0,1,1,1,1,0,1,0,0,0,1
Brycen Arias,0,0,1,1,1,0,1,0,0,1,1,0,1,0,1,1
Aleah Dejesus,1,0,0,1,0,0,0,0,0,1,1,1,1,0,0,0
Rio Waller,1,1,1,1,1,1,1,0,0,1,1,0,0,0,0,1
Whitley Sloan,1,0,0,0,0,1,0,1,1,1,1,1,1,0,0,0
Ocean Barajas,1,1,0,0,0,0,0,1,0,1,0,1,1,0,1,1
Keilani Larson,1,0,1,0,1,1,0,1,1,1,0,1,1,0,1,1
Rafael Davenport,0,1,1,1,1,1,0,0,1,0,0,1,0,1,1,1
Adrianna Pearson,1,0,1,1,0,1,1,1,0,1,1,0,1,1,1,1
Gunner Brennan,0,1,0,1,1,1,0,1,1,1,1,1,1,1,0,1
Elodie Wall,1,1,0,1,1,1,1,0,0,1,1,1,1,1,0,1
Issac Malone,1,0,1,0,1,0,0,0,1,0,0,0,0,0,0,1
Skyler Abbott,0,1,1,1,0,1,1,0,1,1,1,1,1,0,1,1
Kohen Waller,0,0,1,1,1,1,1,1,0,1,1,0,0,0,0,1
Whitley Phelps,1,1,0,0,1,0,1,1,1,0,0,1,1,1,1,0
Hamza Savage,0,0,0,1,0,0,1,1,0,0,0,0,0,0,0,0
Louise Goodman,1,1,1,1,1,1,0,0,0,0,1,1,1,0,0,1
Philip Khan,0,0,1,1,0,0,1,1,0,1,0,0,1,0,0,0
Mabel Leblanc,1,0,1,0,1,0,1,0,1,0,0,0,0,1,0,1
Braden Russell,1,1,1,1,1,0,0,0,0,1,0,0,0,1,0,0
Raelynn Trejo,0,0,0,1,1,0,1,1,1,1,0,0,1,1,1,1
Wesson Perez,0,1,1,1,0,1,1,0,1,0,0,1,0,1,1,0
Eleanor Armstrong,1,1,1,1,0,0,1,1,0,1,1,1,0,1,0,0
Grant O’Connell,1,1,1,0,1,0,1,0,0,0,1,1,1,1,0,0
Jillian Anthony,1,0,0,1,1,0,0,1,1,0,0,0,1,0,0,1
Shiloh Reilly,1,0,0,1,1,1,0,0,1,0,1,1,1,1,1,1
Tori Lynch,0,1,0,1,1,1,0,0,0,0,1,1,1,1,1,1
Zane Velasquez,1,0,0,1,1,1,1,0,1,0,1,0,0,1,0,1
Esme Espinoza,0,1,0,1,0,0,0,0,1,1,1,1,0,0,0,0
Dallas Little,0,1,0,1,0,1,1,1,0,1,0,1,1,1,1,1
Harley Villa,0,0,1,0,1,1,0,1,0,1,1,0,0,1,0,0
Clay Gilbert,0,1,1,0,1,1,0,1,1,0,1,1,1,0,0,0
Jocelyn Wells,1,1,1,0,0,1,1,1,0,1,1,1,0,1,1,1
Max Austin,0,0,1,1,0,0,1,0,0,0,0,1,0,1,1,1
Alivia Charles,0,1,1,0,1,1,1,0,1,0,0,1,1,0,0,1
Conrad Chavez,0,0,0,1,1,1,1,0,1,0,1,1,1,1,1,1
Nevaeh Le,0,1,1,1,0,0,0,1,0,0,0,0,1,1,1,0
Damien Golden,1,1,1,1,0,1,1,0,1,0,0,1,0,0,0,0
Giuliana Carey,1,1,1,1,0,0,0,1,0,1,1,1,1,1,0,1
Watson Cameron,1,0,0,0,0,1,1,1,0,0,0,1,0,0,1,1
Julie Dudley,1,0,1,0,0,0,1,0,0,1,1,1,0,0,0,0
Colter Ramsey,1,0,0,1,1,1,1,0,1,1,1,0,1,0,1,1
Lyric Russell,0,1,1,1,1,0,1,1,0,1,0,1,0,1,0,1
Weston Diaz,0,0,1,1,0,1,1,1,0,0,1,0,1,0,1,1
Elena Owen,1,1,0,0,1,0,0,0,1,1,0,0,0,0,0,0
Cannon Crawford,1,0,0,0,1,1,1,1,0,1,0,0,1,1,0,0
Aubree Palmer,1,0,0,0,1,1,0,0,0,1,0,1,1,1,1,1
Theo Andersen,1,1,1,1,1,0,0,1,0,0,0,0,1,1,1,0
Zoie Torres,0,1,1,0,0,0,0,1,1,1,0,0,0,0,1,1
Jayden Willis,1,1,0,0,1,1,1,1,1,0,1,0,1,0,1,0
Alexa Gilbert,1,1,0,1,1,0,0,1,1,1,1,1,0,1,0,1
Tobias Cordova,0,1,0,0,0,0,1,1,1,0,1,1,1,0,1,1
Florence Rogers,0,0,0,0,1,1,0,1,1,1,1,1,0,0,0,1
Colton Cain,0,1,0,0,1,1,1,0,0,0,0,1,1,1,1,1
Kendra Salas,1,1,0,0,0,1,1,0,0,1,1,1,0,1,0,1
Zaiden Park,0,0,0,1,1,0,1,1,1,1,1,0,0,0,1,1
Lia Thompson,1,1,1,1,1,1,1,1,0,1,0,1,0,1,1,1
Theodore Herrera,1,0,1,0,0,0,0,1,0,1,1,0,0,1,1,1
Ximena Cervantes,0,0,1,0,0,1,1,1,1,1,0,0,0,0,0,1
Kamari Wiley,1,0,0,1,1,1,0,0,0,0,1,0,0,1,1,1
Lauryn Lugo,1,0,0,1,0,1,0,1,0,1,1,0,1,0,0,0
Santos Yates,0,0,1,0,0,1,0,1,1,0,0,0,0,0,1,0
Charley McFarland,1,0,1,0,1,0,1,1,0,0,0,0,1,0,0,0
Dane McCullough,1,1,1,0,1,1,1,1,0,1,0,1,1,0,0,0
Hana Harmon,1,1,1,0,0,1,0,0,0,0,0,1,0,0,1,0
Roberto Rasmussen,1,1,0,0,0,0,0,1,0,0,1,0,1,0,1,1
Esperanza Branch,1,0,1,1,1,0,0,0,0,0,0,0,1,0,1,0
Keenan McClure,0,0,1,0,0,1,0,1,0,0,1,0,1,1,1,0
Estella Stafford,0,0,0,1,0,0,1,1,1,0,1,1,0,0,1,1
Alfredo Bush,1,0,0,1,1,1,0,0,0,1,1,1,1,1,0,0
Everlee Maldonado,1,0,0,0,1,1,0,1,1,0,0,0,0,0,0,0
Javier Bryant,1,0,0,1,1,0,1,1,1,0,1,1,0,1,1,1
Parker Arias,0,1,0,1,0,0,0,0,1,1,1,1,0,0,0,1
Alec Mills,0,1,1,1,0,0,0,0,0,1,1,0,0,0,1,1
June George,0,0,0,1,1,0,1,1,0,1,0,1,0,0,1,1
Mark Fox,0,0,0,1,1,0,0,0,1,1,0,1,0,1,0,0
Juliette Snow,0,1,0,0,1,1,0,1,1,0,0,0,0,0,0,1
Houston Prince,0,0,0,1,0,0,0,1,1,0,0,0,1,0,0,0
Greta Grimes,1,0,1,0,1,0,0,1,1,1,1,1,1,1,1,1
Harlan Vega,0,0,1,0,1,0,1,0,1,1,0,1,0,0,0,0
Dakota Harrington,1,0,1,0,1,1,0,1,1,1,0,0,0,1,0,0
Omari Molina,0,1,0,1,1,0,0,1,1,0,0,1,1,0,0,1
Alexandria Pope,0,1,0,1,1,1,1,1,0,1,1,0,1,1,0,1
Gunnar Hinton,1,0,1,0,1,0,1,0,0,0,1,0,0,1,0,0
Jaelynn Pugh,0,0,0,1,1,1,1,0,0,1,1,1,1,0,1,1
Judson Quinn,1,1,0,0,1,0,0,0,0,0,0,0,1,0,1,0
Heaven Chan,1,0,1,0,1,1,1,1,0,1,0,0,0,0,0,1
Frank Barnett,0,1,1,0,1,0,0,0,1,1,0,1,1,1,1,1
Harlow Bautista,0,1,1,1,1,0,1,0,0,1,0,1,1,0,1,0
Raul Jefferson,1,1,0,0,0,0,1,0,1,1,1,1,1,0,1,0
Julieta Payne,0,1,0,0,0,1,0,0,1,0,1,1,1,1,0,1
Edward Douglas,0,0,0,0,0,1,1,1,0,1,1,0,0,0,1,0
Aniyah Gibson,0,0,1,0,0,1,0,1,1,0,0,1,1,0,0,1
Tyler Poole,0,1,1,1,0,0,1,0,0,0,1,0,0,0,0,0
Bonnie O’Connor,0,1,1,1,0,1,1,0,1,0,1,0,0,0,0,0
Princeton Colon,1,1,1,1,1,1,1,1,1,1,1,1,0,1,0,1
Remy Long,1,0,1,0,1,1,0,1,1,0,0,1,1,0,1,0
Jace Sweeney,0,0,0,0,1,0,0,1,1,1,1,1,0,0,0,0
Yara Hull,1,1,0,0,0,1,0,1,1,1,0,0,1,1,1,1
Salem Lim,0,0,1,0,0,1,0,0,0,0,1,1,1,1,1,1
Giavanna Anderson,1,1,1,1,1,1,1,1,1,0,1,1,0,1,0,0
Jacob Molina,0,0,0,1,0,1,0,1,0,1,1,1,0,0,0,1
Alexandria Bishop,0,1,1,1,0,0,0,1,0,0,0,1,1,1,0,0
Paxton Avila,0,0,1,1,1,0,0,1,1,1,0,0,1,1,0,1
Amiyah Pennington,0,1,1,0,0,1,0,1,0,1,1,1,0,1,1,0
Bobby Carson,0,1,0,0,0,0,1,0,0,0,0,1,0,1,0,0
Nalani Erickson,0,0,0,0,0,1,0,1,0,0,0,0,0,1,0,1
Johnny Santiago,0,0,0,0,0,0,0,0,0,0,1,1,1,1,0,1
Nyla Suarez,0,0,1,1,1,1,0,1,0,0,1,1,0,1,0,0
Soren Nunez,1,1,0,1,0,1,0,0,0,0,1,0,1,1,0,0
Mya Andrade,0,1,0,0,1,1,0,0,0,1,1,1,0,1,0,1
Abdiel Miranda,1,0,1,1,0,1,1,0,0,1,0,0,0,1,1,1
Amina Dougherty,0,0,1,1,1,1,0,0,1,0,0,0,1,1,1,0
Brett Morris,1,0,1,0,0,1,1,1,0,1,0,1,0,1,1,0
Genesis Bautista,1,0,0,0,0,0,0,0,0,0,0,1,1,1,0,1
Raul Dominguez,0,1,1,0,1,1,1,0,1,1,0,0,1,0,0,1
Raegan Arellano,1,0,1,0,1,0,0,0,0,1,0,0,1,0,1,0
Kellan Kelley,0,1,0,1,0,0,1,1,0,0,0,0,1,1,0,0
Rosalie Summers,0,1,0,1,1,0,1,1,0,1,0,0,1,0,0,0
Darius Singh,1,0,1,0,0,1,0,1,0,0,0,1,0,1,1,0
Vivienne Acevedo,0,0,0,1,0,1,1,0,0,0,1,1,1,0,0,0
Dakari Jordan,0,0,1,0,0,0,1,0,0,0,1,0,1,1,0,1
Adalynn Best,1,1,1,1,0,1,0,0,0,0,1,0,1,0,1,0
Harlem Gonzales,0,0,1,0,0,1,0,1,0,0,1,0,1,0,1,1
Hadley Cherry,0,1,0,0,1,1,1,1,1,0,0,1,1,0,0,0
Rome Mayer,1,1,1,0,0,1,0,0,0,1,1,1,1,0,0,1
Ainhoa Bass,0,1,1,0,0,0,0,0,1,1,1,1,0,0,1,0
Landen Parrish,0,1,1,0,0,1,1,1,0,1,1,1,0,1,0,1
Tiana Jackson,0,1,0,0,0,0,1,0,1,1,0,0,1,1,0,1
Sebastian Johns,0,0,1,0,1,0,1,0,1,0,1,1,1,0,1,0
Giovanna Washington,1,1,0,1,0,1,0,0,1,1,1,0,0,0,1,1
Juan Turner,1,0,1,1,0,0,1,0,1,1,0,0,1,0,1,0
Brooklyn Dunlap,0,1,0,0,1,1,0,0,1,0,0,1,0,1,1,1
Aries Potts,1,0,1,0,0,1,1,1,0,1,0,1,0,0,0,1
Ellison Lambert,1,1,0,0,0,0,0,0,0,0,0,1,0,0,1,0
Mario Randolph,1,0,0,1,0,0,0,1,1,1,0,0,0,0,0,1
Kailey Goodwin,0,0,1,1,0,0,1,0,0,1,1,1,0,0,0,0
Kaison Jacobson,0,0,0,1,0,1,1,1,0,0,0,1,1,0,0,0
Royal Dennis,1,1,0,1,0,1,0,0,1,0,1,1,1,1,0,1
Emanuel Hunter,0,0,1,1,1,1,1,0,1,0,1,0,0,1,1,0
Khloe Maldonado,1,1,0,0,0,1,1,0,1,0,1,1,1,1,0,1
Javier Richardson,1,1,1,0,1,1,0,0,1,0,0,0,0,0,0,0
Allison Ross,1,0,0,1,0,1,0,0,1,1,0,0,1,0,1,1
Wesley Stephenson,0,1,1,0,0,1,0,0,1,0,0,1,0,1,0,1
Khaleesi Rosas,1,1,1,0,0,1,1,0,1,0,1,0,0,0,0,1
Remi Reese,1,1,1,1,0,1,0,1,0,0,1,1,1,1,0,0
Rosemary Warren,0,1,0,1,1,0,1,1,1,0,1,0,0,0,0,0
Abel Gillespie,1,1,0,1,0,0,1,1,0,1,1,0,1,0,1,0
Alianna Beil,0,1,0,0,0,1,0,1,1,1,0,0,0,1,1,1
Ariel Haley,1,1,0,1,1,0,0,1,1,0,0,1,0,1,0,0
Addilynn Cameron,0,0,1,1,0,0,1,0,1,0,0,1,1,1,1,1
Rayan Gill,1,1,1,1,0,0,1,0,0,1,1,0,1,1,1,1
Jordan Gibson,0,0,1,0,0,0,0,1,0,0,1,1,1,0,0,1
Tyler Cisneros,0,1,0,0,1,1,1,0,0,0,1,0,1,0,0,0
Janelle Francis,0,1,1,1,1,1,0,0,1,0,1,0,0,1,0,0
Harvey Harrell,0,0,0,1,0,0,0,0,1,1,1,1,1,1,0,1
Kara Gray,1,1,1,0,1,0,1,0,1,1,0,1,1,1,1,0
Nicholas Hodges,1,1,0,1,1,0,0,0,0,1,1,1,1,1,0,1
Eve McCarty,1,1,1,0,1,0,0,0,0,0,1,0,1,0,0,0
Blaise Parsons,1,1,0,0,0,1,0,1,1,0,1,0,1,1,0,0
Maia Lindsey,0,0,0,1,0,1,0,1,1,1,1,1,0,0,1,1
Jayson Buckley,1,0,1,1,1,0,0,0,1,0,0,1,1,0,1,0
Theodora Choi,0,1,0,0,1,1,0,0,1,0,1,1,1,1,0,0
Khari Holloway,1,1,1,0,0,0,1,1,1,0,1,0,1,1,0,0
Mae Oliver,1,0,1,1,1,0,1,1,1,1,1,0,0,1,1,0
Karson Erickson,1,1,0,0,0,0,0,1,1,1,0,0,0,1,0,0
Sabrina McCall,1,1,0,0,1,0,1,0,1,0,0,1,1,0,1,0
Kiaan Bullock,0,1,0,1,1,0,1,1,0,0,0,0,1,1,0,0
Winnie Bond,0,1,1,0,1,1,0,1,0,1,1,1,1,1,1,1
Roger Perez,0,0,0,1,0,0,1,0,1,0,0,1,0,1,1,0
Eleanor Valdez,1,0,0,1,0,1,1,0,0,1,1,0,0,1,0,0
Kyler Fields,1,1,0,0,0,1,1,1,0,0,1,0,1,0,1,0
Annie Vargas,1,1,0,1,0,0,1,1,0,1,1,1,0,0,0,1
Ryker Flynn,0,1,0,0,0,1,1,0,0,1,0,1,0,1,1,0
Dorothy Hess,1,0,0,1,1,0,1,0,1,0,1,0,1,0,1,0
Lawrence Benjamin,0,1,1,0,0,0,0,0,0,1,0,1,0,1,0,1
Jianna Colon,0,1,0,0,0,1,1,1,0,0,0,1,0,1,1,0
Bruce Cox,0,1,1,0,0,1,1,1,1,1,1,0,0,0,0,0
Sadie Chavez,1,1,0,1,1,0,1,1,1,1,1,0,0,1,0,1
Ian Lambert,1,1,1,1,0,0,1,0,0,0,0,1,1,0,0,0
Nina Sanders,1,0,0,1,1,1,1,1,0,0,1,0,0,1,1,1
Jose Wood,1,0,1,0,1,1,0,1,1,0,1,0,0,1,0,0
Natalia Gibbs,0,1,1,1,0,1,1,1,0,0,1,1,1,0,1,0
Deacon Woodard,0,0,0,1,0,0,0,0,1,0,0,0,1,1,0,1
Aubrie Hammond,0,0,1,1,1,1,1,1,1,0,1,1,0,0,0,0
Francis Dunn,0,1,0,1,1,0,0,1,0,1,0,0,1,1,1,0
Olive Costa,0,1,0,0,0,0,0,1,1,0,0,0,0,1,1,1
Kenji Person,0,1,1,1,0,1,1,1,0,0,1,1,0,1,0,1
Dylan Nguyen,1,1,1,1,1,0,1,1,0,1,1,0,1,0,1,1
Gabriel Morgan,0,1,0,0,0,0,0,0,1,0,1,1,1,1,1,1
Delilah Salazar,0,1,1,0,1,1,1,0,1,0,0,0,1,0,1,0
Brody Gill,1,1,0,0,0,0,0,0,1,1,1,0,1,1,0,0
Jordan Hale,0,0,0,1,1,1,0,0,1,1,0,0,1,0,1,0
Ezequiel Moses,1,1,0,1,0,1,0,0,0,0,0,0,0,1,0,1
Karter Dillon,1,1,1,0,0,1,0,1,1,0,0,1,1,0,0,0
Alvin Frazier,1,0,0,1,1,0,0,0,0,1,0,1,1,1,0,0
Octavia Jarvis,1,0,1,1,0,1,0,0,1,0,0,0,0,0,0,0
Marlon Cano,1,1,1,0,1,0,1,0,1,0,0,1,1,1,0,1
Egypt Fields,1,1,1,0,0,0,0,1,0,1,0,1,0,0,0,0
Clayton Nichols,0,0,1,0,1,0,1,1,0,0,1,0,0,0,0,1
Aliyah Burns,0,0,0,0,1,0,0,0,1,1,1,1,0,1,1,0
August McConnell,1,0,0,0,0,0,0,0,1,0,0,1,1,0,0,1
Denise Lang,0,1,1,1,1,0,1,1,0,0,0,0,1,1,1,1
Wells Hobbs,1,0,0,1,1,0,1,1,0,1,0,0,1,0,0,0
Lacey Moyer,1,1,1,1,1,0,1,1,1,0,0,1,1,1,0,0
Ahmir Vo,0,1,0,1,0,1,1,0,0,0,0,0,1,1,0,1
Artemis Archer,0,0,1,0,0,0,1,1,1,1,1,0,0,1,0,1
Ephraim Morrow,0,1,0,1,0,0,1,0,0,0,1,1,0,0,1,1
Reyna Gallagher,1,1,1,1,1,1,0,0,0,1,0,1,1,1,0,0
Marcos Marks,0,0,1,0,0,0,0,0,1,0,1,1,1,1,0,0
Monica Kent,1,0,0,0,0,0,1,0,0,1,1,0,0,1,1,0
Mekhi Fields,0,0,1,0,1,1,0,1,1,1,1,0,1,1,1,1
Annie Cortes,0,0,1,1,1,1,0,0,1,0,0,0,0,0,1,0
Banks Spence,1,0,0,0,1,1,1,0,0,0,1,1,1,1,1,0
Aislinn Beard,0,0,1,1,0,1,0,1,0,0,0,0,0,1,1,0
Nathanael Leon,1,1,0,0,0,1,0,0,1,1,0,1,1,1,1,1
Amora Pineda,1,1,0,1,1,1,1,1,1,0,0,1,0,1,1,0
Gerardo Bell,0,0,1,0,0,1,1,1,0,0,0,1,0,1,0,0
Melody Drake,0,0,1,1,0,1,1,0,1,0,1,0,0,1,0,0
Jalen Walton,1,0,1,0,0,0,1,1,1,0,0,1,0,0,1,1
Scarlet Waller,0,1,0,0,0,0,0,1,1,0,1,0,0,0,1,0
Marley Singleton,0,1,1,0,1,1,1,0,0,1,1,0,0,1,1,0
Malaysia Greene,0,1,1,1,1,1,0,0,1,1,1,1,0,1,1,0
Griffin Stein,0,0,1,1,1,1,0,0,0,1,0,1,0,1,0,0
Leilany Romero,1,1,1,0,0,1,1,0,0,0,0,0,1,1,0,0
Bryson Mahoney,1,1,1,0,1,0,0,1,0,0,0,0,0,1,1,1
Promise Holloway,1,1,1,1,1,0,0,1,0,0,1,1,1,0,0,0
Sutton Sampson,0,1,0,0,0,0,0,0,1,0,0,1,0,0,0,1
Meilani Portillo,1,0,0,0,0,0,0,0,1,1,0,0,1,0,0,1
Wallace Berry,1,1,1,1,1,1,0,0,0,0,0,1,1,0,1,0
Annabelle Deleon,0,1,1,1,0,0,1,0,0,0,0,1,1,1,1,1
Nasir Farrell,0,1,0,1,1,0,0,0,0,0,0,1,1,0,0,0
Kassidy Reyes,0,0,0,1,0,1,1,1,1,1,1,0,1,1,0,1
Eli Le,0,1,1,1,1,1,1,1,1,0,1,1,1,0,1,1
Myla Crane,0,0,1,0,1,1,0,1,0,0,1,1,0,0,1,0
Fox Smith,1,1,1,1,1,1,1,1,1,1,0,0,1,0,0,0
Olivia Sharp,1,1,0,1,1,0,1,0,1,1,1,1,0,1,1,0
Royce Berry,1,1,0,1,0,1,1,1,1,1,0,1,0,1,0,1
Annabelle Stuart,0,1,1,0,0,0,0,0,0,1,1,0,0,1,1,0
Dion Medina,1,0,0,1,1,1,1,0,0,0,0,0,1,1,0,1
Elliana Crane,0,0,0,1,1,0,0,0,0,1,0,1,1,1,1,0
Fox Knapp,1,0,1,1,1,0,1,1,0,0,1,1,1,0,1,1
Linda Greene,0,0,1,1,0,0,0,0,0,1,0,0,0,0,0,0
Griffin Roberson,1,0,1,1,0,0,0,0,1,1,1,1,0,0,1,1
Sasha Perez,1,0,1,1,1,0,0,0,1,1,1,0,1,0,1,1
Owen Andersen,1,0,1,1,1,1,1,1,1,0,1,0,0,1,1,0
Zoie Washington,1,0,0,1,1,1,0,1,0,1,0,1,0,0,0,0
Juan Lane,1,1,1,1,1,1,0,0,1,1,0,0,1,0,1,0
Amy Leonard,1,1,1,1,1,1,0,1,1,0,0,0,1,1,1,0
Ricardo Charles,1,0,1,1,1,1,0,1,1,1,0,1,1,1,1,1
Jenna Nielsen,0,1,0,0,1,1,1,0,0,1,1,0,0,1,1,1
Tru Juarez,0,0,1,0,0,1,1,1,1,1,1,0,0,1,1,1
Juliet Hall,0,0,0,1,0,1,0,0,0,1,1,0,1,1,1,0
Thomas Church,0,1,0,1,0,0,1,1,0,1,0,0,1,1,1,0
Ayleen Gibson,1,1,1,0,0,0,0,0,1,0,0,0,1,1,0,0
Tyler Shaffer,1,1,1,1,1,1,1,0,1,1,0,0,1,1,0,1
Alanna West,1,0,0,1,1,1,0,1,1,1,1,1,0,1,0,0
Diego Roy,0,0,1,0,1,0,1,0,1,0,1,1,1,1,1,0
Savanna Duran,1,0,1,0,1,1,0,0,0,0,0,1,0,0,1,1
Ismael Meyer,0,0,1,1,1,1,1,0,0,0,0,0,1,0,0,0
Sara Robinson,1,1,0,1,1,0,1,0,1,1,0,0,0,0,0,0
Matthew Riley,1,0,0,1,0,1,1,0,1,1,1,0,1,1,1,0
Kayla Walter,0,1,1,0,1,1,1,1,0,1,0,0,1,1,1,1
Lochlan Mack,1,0,1,0,1,0,0,1,0,0,1,0,1,0,0,1
Nadia Dodson,1,0,1,1,0,1,1,1,1,1,1,1,0,1,0,0
Seven Portillo,1,1,1,1,0,1,0,0,1,0,0,1,0,1,0,0
Nathalie Lucero,1,1,0,0,0,1,0,0,0,0,1,1,1,0,0,0
Felipe Castaneda,1,0,1,1,0,1,0,0,1,1,0,0,0,0,1,1
Keira Dickson,1,1,1,0,0,1,0,0,1,1,1,0,1,1,0,1
Maxton Bruce,0,1,0,1,0,1,0,1,1,0,1,1,1,1,0,0
Marilyn Wiggins,0,1,1,0,0,0,1,1,0,0,1,0,1,0,1,0
Azariah Willis,1,0,0,1,0,0,1,0,1,1,1,0,1,0,0,1
Alexa Knox,1,0,0,1,0,1,0,1,0,0,0,1,0,1,1,0
Valentin Zhang,0,0,1,0,1,0,1,0,0,1,1,0,1,0,0,1
Sarai Johnston,1,1,0,0,1,1,0,0,1,1,1,1,1,0,1,0
Felix Hill,0,1,0,0,1,1,0,1,0,1,1,0,0,1,0,0
Hannah Houston,0,1,0,0,1,0,1,1,1,1,0,1,1,0,0,0
Sylas Hines,0,1,1,1,0,0,0,0,0,1,1,1,0,1,1,0
Poppy Carrillo,0,0,0,0,1,0,1,1,1,1,0,1,1,0,0,0
Wade Finley,0,1,0,0,1,0,1,1,1,0,1,0,0,1,1,0
Jovie Maldonado,0,0,0,0,1,1,1,0,0,1,0,0,0,1,1,1
Javier Petersen,0,0,1,0,0,1,0,0,0,1,1,0,1,0,1,0
Fernanda Nash,1,1,0,1,0,0,0,1,0,1,1,0,1,1,1,0
Chandler Johns,1,1,1,0,0,1,1,1,1,1,1,0,1,0,0,0
Giovanna Gibson,0,0,0,0,1,0,0,0,0,0,1,1,1,0,1,0
Tyler Chandler,1,1,0,1,1,1,1,0,1,1,0,1,1,0,0,0
Viviana Juarez,0,1,1,0,0,1,0,0,0,0,1,0,1,1,0,0
Joaquin Delgado,0,1,1,0,0,1,1,1,0,1,0,1,1,0,1,0
Alani Lindsey,0,1,1,1,0,1,1,0,0,0,0,1,0,1,1,0
Jayson Griffith,0,1,0,0,1,0,0,1,1,1,0,1,0,0,1,1
Alicia Hale,1,0,1,1,0,0,1,0,1,1,1,0,0,0,1,0
Ezequiel Mathis,1,0,1,0,1,0,1,0,1,1,1,0,1,0,0,0
Anne Stark,1,1,1,0,1,1,1,1,0,1,0,1,0,1,0,0
Kristopher Lane,1,0,1,1,1,0,0,0,1,0,1,0,1,0,1,0
Amy Christensen,1,0,1,1,0,1,0,1,1,0,1,0,0,1,0,1
Gregory Hardy,0,1,1,0,1,0,1,0,0,1,0,0,1,1,0,0
Jessica Snow,0,1,1,0,1,1,0,0,1,0,1,0,0,1,1,1
Houston Moon,0,0,0,1,1,0,1,1,0,0,1,0,0,0,1,1
Naya Harmon,0,0,1,1,0,1,1,0,1,0,0,0,0,0,1,0
Roberto Franklin,0,1,1,0,1,0,0,1,1,1,1,1,1,0,0,1
Angela Ball,1,0,0,1,0,0,0,0,1,0,0,1,1,1,0,1
Shane Austin,0,0,1,1,0,0,1,1,1,1,0,0,0,0,0,1
Alivia Rocha,0,1,1,1,1,1,0,0,1,1,1,0,0,0,0,0
Onyx McCullough,1,1,1,0,1,1,1,0,0,0,1,0,0,0,1,0
Hana Evans,0,1,1,1,1,1,0,1,1,1,1,1,1,0,0,0
Elias Quinn,1,0,1,1,1,1,1,0,1,0,0,1,1,0,0,1
Heaven Snow,1,1,0,0,1,1,1,0,0,1,0,1,1,0,0,0
Houston Avila,1,1,1,0,0,1,0,1,0,0,0,1,0,0,1,1
Amiyah Daniel,0,1,0,1,1,1,1,0,0,0,0,1,0,1,0,1
Grady Sellers,1,1,1,1,1,1,0,1,1,1,0,1,0,1,0,1
Mercy Maddox,0,0,0,1,1,1,0,1,0,1,0,1,0,0,0,0
Lyric Terrell,0,0,1,1,1,1,0,1,0,0,1,0,1,0,0,1